{
  "$schema": "https://raw.githubusercontent.com/spdx/spdx-spec/v2.2.1/schemas/spdx-schema.json",
  "spdxVersion": "SPDX-2.2",
  "dataLicense": "CC0-1.0",
  "SPDXID": "SPDXRef-DOCUMENT",
  "documentNamespace": "https://spdx.org/spdxdocs/benchmark-x64-windows-1.7.1-cee29d80-f9e6-4ac5-86b7-01501078e0bf",
  "name": "benchmark:x64-windows@1.7.1 caae93fb9f55fb4b8f979235cace44bdc55919e91eef1a55c249198e5c599668",
  "creationInfo": {
    "creators": [
      "Tool: vcpkg-bedcba5172f5e4b91caac660ab7afe92c27a9895"
    ],
    "created": "2023-05-05T12:02:51Z"
  },
  "relationships": [
    {
      "spdxElementId": "SPDXRef-port",
      "relationshipType": "GENERATES",
      "relatedSpdxElement": "SPDXRef-binary"
    },
    {
      "spdxElementId": "SPDXRef-port",
      "relationshipType": "CONTAINS",
      "relatedSpdxElement": "SPDXRef-file-0"
    },
    {
      "spdxElementId": "SPDXRef-port",
      "relationshipType": "CONTAINS",
      "relatedSpdxElement": "SPDXRef-file-1"
    },
    {
      "spdxElementId": "SPDXRef-binary",
      "relationshipType": "GENERATED_FROM",
      "relatedSpdxElement": "SPDXRef-port"
    },
    {
      "spdxElementId": "SPDXRef-file-0",
      "relationshipType": "CONTAINED_BY",
      "relatedSpdxElement": "SPDXRef-port"
    },
    {
      "spdxElementId": "SPDXRef-file-1",
      "relationshipType": "CONTAINED_BY",
      "relatedSpdxElement": "SPDXRef-port"
    },
    {
      "spdxElementId": "SPDXRef-file-1",
      "relationshipType": "DEPENDENCY_MANIFEST_OF",
      "relatedSpdxElement": "SPDXRef-port"
    }
  ],
  "packages": [
    {
      "name": "benchmark",
      "SPDXID": "SPDXRef-port",
      "versionInfo": "1.7.1",
      "downloadLocation": "git+https://github.com/Microsoft/vcpkg#ports/benchmark",
      "homepage": "https://github.com/google/benchmark",
      "licenseConcluded": "Apache-2.0",
      "licenseDeclared": "NOASSERTION",
      "copyrightText": "NOASSERTION",
      "description": "A library to support the benchmarking of functions, similar to unit-tests.",
      "comment": "This is the port (recipe) consumed by vcpkg."
    },
    {
      "name": "benchmark:x64-windows",
      "SPDXID": "SPDXRef-binary",
      "versionInfo": "caae93fb9f55fb4b8f979235cace44bdc55919e91eef1a55c249198e5c599668",
      "downloadLocation": "NONE",
      "licenseConcluded": "Apache-2.0",
      "licenseDeclared": "NOASSERTION",
      "copyrightText": "NOASSERTION",
      "comment": "This is a binary package built by vcpkg."
    },
    {
      "SPDXID": "SPDXRef-resource-1",
      "name": "google/benchmark",
      "downloadLocation": "git+https://github.com/google/benchmark@v1.7.1",
      "licenseConcluded": "NOASSERTION",
      "licenseDeclared": "NOASSERTION",
      "copyrightText": "NOASSERTION",
      "checksums": [
        {
          "algorithm": "SHA512",
          "checksumValue": "396af1c1d3eaa2b78c6d23b1472f6088db85a294056ae1c2366dc5c0becdc8f141ba8fc3a235033324ab0a41c2298f5d242ef09b9b6f69d9877de6bcb2062efd"
        }
      ]
    }
  ],
  "files": [
    {
      "fileName": "./portfile.cmake",
      "SPDXID": "SPDXRef-file-0",
      "checksums": [
        {
          "algorithm": "SHA256",
          "checksumValue": "ad8f3648a45340331f2d04f926927074de08c2a79d50db107ad9de17cf12b743"
        }
      ],
      "licenseConcluded": "NOASSERTION",
      "copyrightText": "NOASSERTION"
    },
    {
      "fileName": "./vcpkg.json",
      "SPDXID": "SPDXRef-file-1",
      "checksums": [
        {
          "algorithm": "SHA256",
          "checksumValue": "f68f6e94e8c0a24e103609f7db8c1e3d0ab6c5566729d4a6f7e87c76002ac529"
        }
      ],
      "licenseConcluded": "NOASSERTION",
      "copyrightText": "NOASSERTION"
    }
  ]
}
